{"cameraMode":{"drawMode":0,"name":"Shaded","section":"Shading Mode"},"sceneLighting":true,"audioPlay":false,"sceneViewState":{"m_AlwaysRefresh":false,"showFog":true,"showSkybox":true,"showFlares":true,"showImageEffects":true,"showParticleSystems":true,"showVisualEffectGraphs":true,"m_FxEnabled":true},"in2DMode":false,"pivot":{"x":-1.357816457748413,"y":9.685134887695313,"z":23.371944427490236},"rotation":{"x":0.5516983866691589,"y":-0.0012500871671363712,"z":0.0008291821577586234,"w":0.8340464234352112},"size":43.8504638671875,"orthographic":true}