{"cameraMode":{"drawMode":0,"name":"Shaded","section":"Shading Mode"},"sceneLighting":true,"audioPlay":false,"sceneViewState":{"m_AlwaysRefresh":false,"showFog":true,"showSkybox":true,"showFlares":true,"showImageEffects":true,"showParticleSystems":true,"showVisualEffectGraphs":true,"m_FxEnabled":true},"in2DMode":false,"pivot":{"x":5.696430206298828,"y":31.959693908691408,"z":76.36042022705078},"rotation":{"x":0.5516983866691589,"y":-0.0012500871671363712,"z":0.0008291821577586234,"w":0.8340464234352112},"size":105.70354461669922,"orthographic":true}